{
    "水田": {
        "类别ID": 3,
        "像素数量": 530908,
        "NDVI平均值": 0.17544685034646948,
        "NDVI标准差": 0.07942090040110154,
        "NDVI最小值": -0.10441793501377106,
        "NDVI最大值": 0.33020517230033875
    },
    "绿色旱地": {
        "类别ID": 5,
        "像素数量": 7942575,
        "NDVI平均值": 0.12797721945795734,
        "NDVI标准差": 0.06094740495625846,
        "NDVI最小值": -0.1686103641986847,
        "NDVI最大值": 0.32436448335647583
    },
    "灰色旱地": {
        "类别ID": 6,
        "像素数量": 4304087,
        "NDVI平均值": 0.05906612722032235,
        "NDVI标准差": 0.06411425222060109,
        "NDVI最小值": -0.15503650903701782,
        "NDVI最大值": 0.3121863305568695
    },
    "林地": {
        "类别ID": 8,
        "像素数量": 4613543,
        "NDVI平均值": 0.1382736959917914,
        "NDVI标准差": 0.061356852066362204,
        "NDVI最小值": -0.16130955517292023,
        "NDVI最大值": 0.31553593277931213
    },
    "灌木林": {
        "类别ID": 10,
        "像素数量": 428171,
        "NDVI平均值": 0.09636601042242064,
        "NDVI标准差": 0.08280976467291944,
        "NDVI最小值": -0.15342208743095398,
        "NDVI最大值": 0.2921166718006134
    },
    "池塘和溪流": {
        "类别ID": 11,
        "像素数量": 3163562,
        "NDVI平均值": -0.0770110483982902,
        "NDVI标准差": 0.07072735617850824,
        "NDVI最小值": -0.23156996071338654,
        "NDVI最大值": 0.2713950276374817
    },
    "明亮道路": {
        "类别ID": 14,
        "像素数量": 429556,
        "NDVI平均值": 0.022712609965144334,
        "NDVI标准差": 0.06645080410487407,
        "NDVI最小值": -0.13585765659809113,
        "NDVI最大值": 0.2422385960817337
    },
    "浅灰色道路": {
        "类别ID": 15,
        "像素数量": 585025,
        "NDVI平均值": 0.011978192181418308,
        "NDVI标准差": 0.07384335901539991,
        "NDVI最小值": -0.1854093074798584,
        "NDVI最大值": 0.3066551685333252
    },
    "红色屋顶": {
        "类别ID": 16,
        "像素数量": 142812,
        "NDVI平均值": 0.021032071812601878,
        "NDVI标准差": 0.04855149578558058,
        "NDVI最小值": -0.10529108345508575,
        "NDVI最大值": 0.23419809341430664
    },
    "明亮屋顶": {
        "类别ID": 17,
        "像素数量": 1076911,
        "NDVI平均值": -0.010643041588034047,
        "NDVI标准差": 0.05716941764761436,
        "NDVI最小值": -0.16235210001468658,
        "NDVI最大值": 0.27943089604377747
    },
    "蔬菜和水果温室": {
        "类别ID": 4,
        "像素数量": 108120,
        "NDVI平均值": 0.015253135569743477,
        "NDVI标准差": 0.05992508720724195,
        "NDVI最小值": -0.097669817507267,
        "NDVI最大值": 0.2692583501338959
    },
    "蓝色屋顶": {
        "类别ID": 18,
        "像素数量": 57479,
        "NDVI平均值": 0.0020225571266121586,
        "NDVI标准差": 0.05937995686907599,
        "NDVI最小值": -0.13868360221385956,
        "NDVI最大值": 0.2277630865573883
    },
    "深色道路": {
        "类别ID": 13,
        "像素数量": 195057,
        "NDVI平均值": -0.0067313708934338135,
        "NDVI标准差": 0.04986452375264525,
        "NDVI最小值": -0.1526164710521698,
        "NDVI最大值": 0.2300216406583786
    },
    "受胁迫的森林": {
        "类别ID": 9,
        "像素数量": 612977,
        "NDVI平均值": 0.061999563864565045,
        "NDVI标准差": 0.08208991785908996,
        "NDVI最小值": -0.21304956078529358,
        "NDVI最大值": 0.2804427146911621
    },
    "裸地": {
        "类别ID": 19,
        "像素数量": 383125,
        "NDVI平均值": -0.014817503284855952,
        "NDVI标准差": 0.05202903131863394,
        "NDVI最小值": -0.183386892080307,
        "NDVI最大值": 0.2636220157146454
    },
    "苗圃和果园": {
        "类别ID": 7,
        "像素数量": 1510639,
        "NDVI平均值": 0.1170462620640636,
        "NDVI标准差": 0.05471551362267945,
        "NDVI最小值": -0.1288882941007614,
        "NDVI最大值": 0.3064129054546356
    },
    "露天矿坑": {
        "类别ID": 0,
        "像素数量": 691242,
        "NDVI平均值": -0.07967376306649014,
        "NDVI标准差": 0.05355120149631651,
        "NDVI最小值": -0.18089352548122406,
        "NDVI最大值": 0.2563336193561554
    },
    "排土场": {
        "类别ID": 2,
        "像素数量": 231177,
        "NDVI平均值": -0.05862642443523075,
        "NDVI标准差": 0.04641914838733968,
        "NDVI最小值": -0.15856847167015076,
        "NDVI最大值": 0.1790125072002411
    },
    "矿石加工场": {
        "类别ID": 1,
        "像素数量": 220085,
        "NDVI平均值": -0.06606950330271728,
        "NDVI标准差": 0.04439445269040167,
        "NDVI最小值": -0.16475582122802734,
        "NDVI最大值": 0.19382774829864502
    },
    "矿坑池塘": {
        "类别ID": 12,
        "像素数量": 35925,
        "NDVI平均值": -0.13199795532286016,
        "NDVI标准差": 0.04417056749246407,
        "NDVI最小值": -0.22421036660671234,
        "NDVI最大值": 0.06255888938903809
    }
}